record_id,region_id,record_date,cri_score,risk_category
1,1,2016-01-01,0.3192754821441957,Medium
2,1,2016-02-01,0.3186812105544903,Medium
3,1,2016-03-01,0.34291843500932007,Medium
4,1,2016-04-01,0.23666134518641918,Low
5,1,2016-05-01,0.2071933540842807,Low
6,1,2016-06-01,0.41935794972662416,Medium
7,1,2016-07-01,0.4901163121997336,Medium
8,1,2016-08-01,0.3477066211167928,Medium
9,1,2016-09-01,0.20875612368354468,Low
10,1,2016-10-01,0.21497285439699984,Low
11,1,2016-11-01,0.3543421915243926,Medium
12,1,2016-12-01,0.3850763165094069,Medium
13,1,2017-01-01,0.3751694428791401,Medium
14,1,2017-02-01,0.3875671213660058,Medium
15,1,2017-03-01,0.3825737011539997,Medium
16,1,2017-04-01,0.24813537167295027,Low
17,1,2017-05-01,0.25058532205977535,Medium
18,1,2017-06-01,0.39727143425152217,Medium
19,1,2017-07-01,0.3452204426387169,Medium
20,1,2017-08-01,0.26449673025239095,Medium
21,1,2017-09-01,0.37421646146440457,Medium
22,1,2017-10-01,0.1844634947306236,Low
23,1,2017-11-01,0.35277674808152026,Medium
24,1,2017-12-01,0.36455353364258597,Medium
25,1,2018-01-01,0.347065850360044,Medium
26,1,2018-02-01,0.2800538060371178,Medium
27,1,2018-03-01,0.2906813995930322,Medium
28,1,2018-04-01,0.2914090836491313,Medium
29,1,2018-05-01,0.2992822487406559,Medium
30,1,2018-06-01,0.35658114335811114,Medium
31,1,2018-07-01,0.46452562980343737,Medium
32,1,2018-08-01,0.4627781367363072,Medium
33,1,2018-09-01,0.26212365052320985,Medium
34,1,2018-10-01,0.30628998045211725,Medium
35,1,2018-11-01,0.18382178409668706,Low
36,1,2018-12-01,0.4122478517413963,Medium
37,1,2019-01-01,0.369453608908501,Medium
38,1,2019-02-01,0.3616320734238256,Medium
39,1,2019-03-01,0.437562709731228,Medium
40,1,2019-04-01,0.24524025190645904,Low
41,1,2019-05-01,0.28076650201427783,Medium
42,1,2019-06-01,0.3910787951027518,Medium
43,1,2019-07-01,0.3834566638281639,Medium
44,1,2019-08-01,0.37576651530776245,Medium
45,1,2019-09-01,0.24857806655539477,Low
46,1,2019-10-01,0.20021798006482863,Low
47,1,2019-11-01,0.35064019855539885,Medium
48,1,2019-12-01,0.24765136076276142,Low
49,1,2020-01-01,0.3382857121576614,Medium
50,1,2020-02-01,0.36290883538473667,Medium
51,1,2020-03-01,0.296013954221352,Medium
52,1,2020-04-01,0.24282539094949426,Low
53,1,2020-05-01,0.368553935860794,Medium
54,1,2020-06-01,0.4435797393767069,Medium
55,1,2020-07-01,0.3666434018954076,Medium
56,1,2020-08-01,0.44313657999934364,Medium
57,1,2020-09-01,0.22527225272661566,Low
58,1,2020-10-01,0.1577142409259658,Low
59,1,2020-11-01,0.43203060948774435,Medium
60,1,2020-12-01,0.32003565566175185,Medium
61,1,2021-01-01,0.40215974694704526,Medium
62,1,2021-02-01,0.38336722684845115,Medium
63,1,2021-03-01,0.4238437801415901,Medium
64,1,2021-04-01,0.2837530241177308,Medium
65,1,2021-05-01,0.3709748940201286,Medium
66,1,2021-06-01,0.36683971195270426,Medium
67,1,2021-07-01,0.4338993647076984,Medium
68,1,2021-08-01,0.4183010555328053,Medium
69,1,2021-09-01,0.2549497919889211,Medium
70,1,2021-10-01,0.2001170265216329,Low
71,1,2021-11-01,0.36968058475961507,Medium
72,1,2021-12-01,0.3178174638253597,Medium
73,1,2022-01-01,0.48527002817476517,Medium
74,1,2022-02-01,0.37527068276314857,Medium
75,1,2022-03-01,0.29556986080589814,Medium
76,1,2022-04-01,0.2708105882314807,Medium
77,1,2022-05-01,0.3787085186168321,Medium
78,1,2022-06-01,0.40768352249746037,Medium
79,1,2022-07-01,0.6716446488902439,High
80,1,2022-08-01,0.28662041347087475,Medium
81,1,2022-09-01,0.30454641183058384,Medium
82,1,2022-10-01,0.28738983802109763,Medium
83,1,2022-11-01,0.17642580731249402,Low
84,1,2022-12-01,0.36018498440009067,Medium
85,1,2023-01-01,0.4581714559782973,Medium
86,1,2023-02-01,0.35802344016733967,Medium
87,1,2023-03-01,0.2025556604936086,Low
88,1,2023-04-01,0.2869961501666702,Medium
89,1,2023-05-01,0.2141403389242924,Low
90,1,2023-06-01,0.36252562773479935,Medium
91,1,2023-07-01,0.4540817878806835,Medium
92,1,2023-08-01,0.4271134358573468,Medium
93,1,2023-09-01,0.39182604281932,Medium
94,1,2023-10-01,0.23179541280160487,Low
95,1,2023-11-01,0.347903935196833,Medium
96,1,2023-12-01,0.3767456491157788,Medium
97,1,2024-01-01,0.3438940270151557,Medium
98,1,2024-02-01,0.3156655099489517,Medium
99,1,2024-03-01,0.20074001432573998,Low
100,1,2024-04-01,0.20906106804112584,Low
101,1,2024-05-01,0.26673225974994336,Medium
102,1,2024-06-01,0.3589398990310612,Medium
103,1,2024-07-01,0.4504426737950939,Medium
104,1,2024-08-01,0.2700705479598439,Medium
105,1,2024-09-01,0.27348198515233213,Medium
106,1,2024-10-01,0.18208205582744366,Low
107,1,2024-11-01,0.24753223050251133,Low
108,1,2024-12-01,0.26714760282834477,Medium
109,1,2025-01-01,0.32484096739280816,Medium
110,1,2025-02-01,0.29253702954626776,Medium
111,1,2025-03-01,0.4043160606904874,Medium
112,1,2025-04-01,0.23270831877404255,Low
113,1,2025-05-01,0.3534468669368117,Medium
114,1,2025-06-01,0.47983642122513953,Medium
115,1,2025-07-01,0.47099257432669706,Medium
116,1,2025-08-01,0.4610708804923194,Medium
117,1,2025-09-01,0.2942620950973516,Medium
118,1,2025-10-01,0.19715874907927686,Low
119,1,2025-11-01,0.28538759521791096,Medium
120,1,2025-12-01,0.25775172150239767,Medium
121,2,2016-01-01,0.35209956220654004,Medium
122,2,2016-02-01,0.29863738543888363,Medium
123,2,2016-03-01,0.3097412729774658,Medium
124,2,2016-04-01,0.22955361628417745,Low
125,2,2016-05-01,0.4068309054501673,Medium
126,2,2016-06-01,0.5369497927709,High
127,2,2016-07-01,0.36999521385558387,Medium
128,2,2016-08-01,0.35672799328924154,Medium
129,2,2016-09-01,0.27750013485458447,Medium
130,2,2016-10-01,0.24092752864978048,Low
131,2,2016-11-01,0.38232614966475886,Medium
132,2,2016-12-01,0.3076765717949277,Medium
133,2,2017-01-01,0.4818663550316809,Medium
134,2,2017-02-01,0.2731590579314172,Medium
135,2,2017-03-01,0.3973063101269505,Medium
136,2,2017-04-01,0.21788110418368728,Low
137,2,2017-05-01,0.4416988338942722,Medium
138,2,2017-06-01,0.34583846734767726,Medium
139,2,2017-07-01,0.443580598844964,Medium
140,2,2017-08-01,0.5261026652650721,High
141,2,2017-09-01,0.22371875634978067,Low
142,2,2017-10-01,0.2663566067436187,Medium
143,2,2017-11-01,0.4364871673860149,Medium
144,2,2017-12-01,0.3188963674227137,Medium
145,2,2018-01-01,0.3636133408027836,Medium
146,2,2018-02-01,0.44445801661350526,Medium
147,2,2018-03-01,0.3145209911994054,Medium
148,2,2018-04-01,0.22100270534706623,Low
149,2,2018-05-01,0.29123194322337154,Medium
150,2,2018-06-01,0.381080651325553,Medium
151,2,2018-07-01,0.41906946566908326,Medium
152,2,2018-08-01,0.354273451914765,Medium
153,2,2018-09-01,0.2997570629166369,Medium
154,2,2018-10-01,0.1890489404192109,Low
155,2,2018-11-01,0.31475498601212065,Medium
156,2,2018-12-01,0.34975953014664485,Medium
157,2,2019-01-01,0.37192025550080815,Medium
158,2,2019-02-01,0.3522302195973821,Medium
159,2,2019-03-01,0.28507230538236566,Medium
160,2,2019-04-01,0.2623576184029908,Medium
161,2,2019-05-01,0.34782471111309243,Medium
162,2,2019-06-01,0.5220695181181171,High
163,2,2019-07-01,0.42554177885140404,Medium
164,2,2019-08-01,0.4770859400254843,Medium
165,2,2019-09-01,0.22396269330603205,Low
166,2,2019-10-01,0.22875297897282867,Low
167,2,2019-11-01,0.30462420376074173,Medium
168,2,2019-12-01,0.41559739738097845,Medium
169,2,2020-01-01,0.40373281283975315,Medium
170,2,2020-02-01,0.40465366103937134,Medium
171,2,2020-03-01,0.3287195462021094,Medium
172,2,2020-04-01,0.25897211048131463,Medium
173,2,2020-05-01,0.3487936267301584,Medium
174,2,2020-06-01,0.41054400196767893,Medium
175,2,2020-07-01,0.4981276656890595,Medium
176,2,2020-08-01,0.3660471538132451,Medium
177,2,2020-09-01,0.3032889751180802,Medium
178,2,2020-10-01,0.15678201051531782,Low
179,2,2020-11-01,0.3023952562888821,Medium
180,2,2020-12-01,0.361725628957343,Medium
181,2,2021-01-01,0.3720743355837641,Medium
182,2,2021-02-01,0.40882146437208133,Medium
183,2,2021-03-01,0.3717113848013413,Medium
184,2,2021-04-01,0.3090940725397085,Medium
185,2,2021-05-01,0.31191240182350816,Medium
186,2,2021-06-01,0.3045591810255668,Medium
187,2,2021-07-01,0.3953052715245035,Medium
188,2,2021-08-01,0.3155072809120176,Medium
189,2,2021-09-01,0.3630576955547522,Medium
190,2,2021-10-01,0.2667634789227217,Medium
191,2,2021-11-01,0.28570723319271984,Medium
192,2,2021-12-01,0.24676514165414543,Low
193,2,2022-01-01,0.40357481679137475,Medium
194,2,2022-02-01,0.46572131178168374,Medium
195,2,2022-03-01,0.2705864568892172,Medium
196,2,2022-04-01,0.19733222259045752,Low
197,2,2022-05-01,0.3252451994754863,Medium
198,2,2022-06-01,0.5614262674848356,High
199,2,2022-07-01,0.38980554984378957,Medium
200,2,2022-08-01,0.26662873838280376,Medium
201,2,2022-09-01,0.36244141979659505,Medium
202,2,2022-10-01,0.28950127908033496,Medium
203,2,2022-11-01,0.3640701239611236,Medium
204,2,2022-12-01,0.35226196890541017,Medium
205,2,2023-01-01,0.4011418200884096,Medium
206,2,2023-02-01,0.3818888310251234,Medium
207,2,2023-03-01,0.23373470755610384,Low
208,2,2023-04-01,0.253116111357116,Medium
209,2,2023-05-01,0.3245292042395227,Medium
210,2,2023-06-01,0.4631650018545168,Medium
211,2,2023-07-01,0.5020981262106123,High
212,2,2023-08-01,0.38936070365886605,Medium
213,2,2023-09-01,0.32299695800225514,Medium
214,2,2023-10-01,0.16874003705284213,Low
215,2,2023-11-01,0.2957549995564278,Medium
216,2,2023-12-01,0.46186620085640073,Medium
217,2,2024-01-01,0.3580225140608158,Medium
218,2,2024-02-01,0.5140738257535286,High
219,2,2024-03-01,0.32506424147446306,Medium
220,2,2024-04-01,0.30841352060232474,Medium
221,2,2024-05-01,0.574908766561171,High
222,2,2024-06-01,0.4405384176475399,Medium
223,2,2024-07-01,0.49729501841503443,Medium
224,2,2024-08-01,0.4030485064272883,Medium
225,2,2024-09-01,0.297385085266626,Medium
226,2,2024-10-01,0.2244672937380878,Low
227,2,2024-11-01,0.25942554676245666,Medium
228,2,2024-12-01,0.3826786567912825,Medium
229,2,2025-01-01,0.32238898007953143,Medium
230,2,2025-02-01,0.32338355015366427,Medium
231,2,2025-03-01,0.31380690870986366,Medium
232,2,2025-04-01,0.2590511466186813,Medium
233,2,2025-05-01,0.3740170632675217,Medium
234,2,2025-06-01,0.42276632252357316,Medium
235,2,2025-07-01,0.499879320603388,Medium
236,2,2025-08-01,0.49457776263557823,Medium
237,2,2025-09-01,0.41558733906862444,Medium
238,2,2025-10-01,0.23177149594996488,Low
239,2,2025-11-01,0.3258387267076933,Medium
240,2,2025-12-01,0.2507764067114182,Medium
241,3,2016-01-01,0.3884055599303787,Medium
242,3,2016-02-01,0.46195983595912143,Medium
243,3,2016-03-01,0.3967559326598931,Medium
244,3,2016-04-01,0.38846768896791295,Medium
245,3,2016-05-01,0.2725040821570436,Medium
246,3,2016-06-01,0.4384180674448501,Medium
247,3,2016-07-01,0.4062746490459149,Medium
248,3,2016-08-01,0.2666404616697743,Medium
249,3,2016-09-01,0.2560689506965226,Medium
250,3,2016-10-01,0.24661227570255764,Low
251,3,2016-11-01,0.3862166675268208,Medium
252,3,2016-12-01,0.4108935307182125,Medium
253,3,2017-01-01,0.4153590800127996,Medium
254,3,2017-02-01,0.2637473274116688,Medium
255,3,2017-03-01,0.28396849098937293,Medium
256,3,2017-04-01,0.2273721357302073,Low
257,3,2017-05-01,0.3120926769725321,Medium
258,3,2017-06-01,0.4460921028761343,Medium
259,3,2017-07-01,0.4212136926598661,Medium
260,3,2017-08-01,0.37306465605551054,Medium
261,3,2017-09-01,0.23098173548594514,Low
262,3,2017-10-01,0.29558505886589814,Medium
263,3,2017-11-01,0.31511767667750357,Medium
264,3,2017-12-01,0.5438054481716278,High
265,3,2018-01-01,0.3380250709141698,Medium
266,3,2018-02-01,0.3812547320137557,Medium
267,3,2018-03-01,0.29238420104248947,Medium
268,3,2018-04-01,0.2663562589029854,Medium
269,3,2018-05-01,0.3982289998708153,Medium
270,3,2018-06-01,0.5120647553339305,High
271,3,2018-07-01,0.376627374946708,Medium
272,3,2018-08-01,0.3659348102524083,Medium
273,3,2018-09-01,0.3358829860455317,Medium
274,3,2018-10-01,0.2283651859262491,Low
275,3,2018-11-01,0.2955861202587169,Medium
276,3,2018-12-01,0.33086888103035234,Medium
277,3,2019-01-01,0.3900293700798124,Medium
278,3,2019-02-01,0.42532877795606017,Medium
279,3,2019-03-01,0.319121891946963,Medium
280,3,2019-04-01,0.22297103629496978,Low
281,3,2019-05-01,0.46292515487075314,Medium
282,3,2019-06-01,0.3812531685985193,Medium
283,3,2019-07-01,0.395764773040655,Medium
284,3,2019-08-01,0.4008456557781584,Medium
285,3,2019-09-01,0.302180538043415,Medium
286,3,2019-10-01,0.2588052002472381,Medium
287,3,2019-11-01,0.30775391278690284,Medium
288,3,2019-12-01,0.3914649326665441,Medium
289,3,2020-01-01,0.34130604194178843,Medium
290,3,2020-02-01,0.431159851017201,Medium
291,3,2020-03-01,0.2740136949050835,Medium
292,3,2020-04-01,0.2979551792431444,Medium
293,3,2020-05-01,0.297993527179205,Medium
294,3,2020-06-01,0.4273982458949006,Medium
295,3,2020-07-01,0.4498400088345116,Medium
296,3,2020-08-01,0.3607089614695471,Medium
297,3,2020-09-01,0.2869956981177408,Medium
298,3,2020-10-01,0.2723669588350396,Medium
299,3,2020-11-01,0.42500533062500845,Medium
300,3,2020-12-01,0.29596054346555567,Medium
301,3,2021-01-01,0.37368021597668943,Medium
302,3,2021-02-01,0.463534605309634,Medium
303,3,2021-03-01,0.31238587043539245,Medium
304,3,2021-04-01,0.22972077822720588,Low
305,3,2021-05-01,0.40991796986172147,Medium
306,3,2021-06-01,0.3392175411401743,Medium
307,3,2021-07-01,0.5534842518134651,High
308,3,2021-08-01,0.461999251821929,Medium
309,3,2021-09-01,0.3968514678642273,Medium
310,3,2021-10-01,0.2212724512377694,Low
311,3,2021-11-01,0.3296049678287881,Medium
312,3,2021-12-01,0.2994461391242637,Medium
313,3,2022-01-01,0.3758300529229673,Medium
314,3,2022-02-01,0.4109149353153954,Medium
315,3,2022-03-01,0.30336829402314924,Medium
316,3,2022-04-01,0.35226612260876394,Medium
317,3,2022-05-01,0.3878793327262781,Medium
318,3,2022-06-01,0.38136796877732604,Medium
319,3,2022-07-01,0.4887149399938988,Medium
320,3,2022-08-01,0.39553887978218266,Medium
321,3,2022-09-01,0.3830571742390153,Medium
322,3,2022-10-01,0.23489349377131802,Low
323,3,2022-11-01,0.357067098202617,Medium
324,3,2022-12-01,0.39717110060240457,Medium
325,3,2023-01-01,0.37526327039980084,Medium
326,3,2023-02-01,0.466751064817023,Medium
327,3,2023-03-01,0.29621527529284786,Medium
328,3,2023-04-01,0.306435003728742,Medium
329,3,2023-05-01,0.3605088088247601,Medium
330,3,2023-06-01,0.48514434198949064,Medium
331,3,2023-07-01,0.41063088942459747,Medium
332,3,2023-08-01,0.29240362185519264,Medium
333,3,2023-09-01,0.3720340346262714,Medium
334,3,2023-10-01,0.3574955407052326,Medium
335,3,2023-11-01,0.36034476925921044,Medium
336,3,2023-12-01,0.3279802426106293,Medium
337,3,2024-01-01,0.33575334203543833,Medium
338,3,2024-02-01,0.33350025531754374,Medium
339,3,2024-03-01,0.39656378587723273,Medium
340,3,2024-04-01,0.28732812610052794,Medium
341,3,2024-05-01,0.41094953860761924,Medium
342,3,2024-06-01,0.38018786363053003,Medium
343,3,2024-07-01,0.38928014516912984,Medium
344,3,2024-08-01,0.49466824043246616,Medium
345,3,2024-09-01,0.3605361694449207,Medium
346,3,2024-10-01,0.2867957806681342,Medium
347,3,2024-11-01,0.29782455115985185,Medium
348,3,2024-12-01,0.3188009511524146,Medium
349,3,2025-01-01,0.4636892380118751,Medium
350,3,2025-02-01,0.4390326715930923,Medium
351,3,2025-03-01,0.31260460068090445,Medium
352,3,2025-04-01,0.31700415015879535,Medium
353,3,2025-05-01,0.35855329548360165,Medium
354,3,2025-06-01,0.43494559256248577,Medium
355,3,2025-07-01,0.4858214876155107,Medium
356,3,2025-08-01,0.39465175783311046,Medium
357,3,2025-09-01,0.2580318775541771,Medium
358,3,2025-10-01,0.32609114166826825,Medium
359,3,2025-11-01,0.2719857908410598,Medium
360,3,2025-12-01,0.42136572961776586,Medium
361,4,2016-01-01,0.18415694073118274,Low
362,4,2016-02-01,0.2728311711665594,Medium
363,4,2016-03-01,0.1384688355293529,Low
364,4,2016-04-01,0.1419123457489656,Low
365,4,2016-05-01,0.1561164882992913,Low
366,4,2016-06-01,0.2772415216365266,Medium
367,4,2016-07-01,0.2440001156695808,Low
368,4,2016-08-01,0.2790183582978484,Medium
369,4,2016-09-01,0.1676552488593147,Low
370,4,2016-10-01,0.12042344263224403,Low
371,4,2016-11-01,0.23756257731760838,Low
372,4,2016-12-01,0.2814282608866214,Medium
373,4,2017-01-01,0.2458882609211564,Low
374,4,2017-02-01,0.3870710063352236,Medium
375,4,2017-03-01,0.22816013252439876,Low
376,4,2017-04-01,0.17816277525951674,Low
377,4,2017-05-01,0.1432167319450096,Low
378,4,2017-06-01,0.17034330355545987,Low
379,4,2017-07-01,0.27133549323102024,Medium
380,4,2017-08-01,0.28998572061523065,Medium
381,4,2017-09-01,0.21038245968447533,Low
382,4,2017-10-01,0.1451904882924383,Low
383,4,2017-11-01,0.18149596027806156,Low
384,4,2017-12-01,0.16500537847703434,Low
385,4,2018-01-01,0.35581378056607954,Medium
386,4,2018-02-01,0.3055675484765629,Medium
387,4,2018-03-01,0.18771379937287197,Low
388,4,2018-04-01,0.07925482529348361,Low
389,4,2018-05-01,0.2296627096640989,Low
390,4,2018-06-01,0.19265330660893576,Low
391,4,2018-07-01,0.3344129584471415,Medium
392,4,2018-08-01,0.3102212704637669,Medium
393,4,2018-09-01,0.13938066993135864,Low
394,4,2018-10-01,0.1344631211822785,Low
395,4,2018-11-01,0.14092227554792364,Low
396,4,2018-12-01,0.18865465393933809,Low
397,4,2019-01-01,0.3090805524107426,Medium
398,4,2019-02-01,0.25577318403843113,Medium
399,4,2019-03-01,0.159446761044233,Low
400,4,2019-04-01,0.12090222020246444,Low
401,4,2019-05-01,0.2300115941969681,Low
402,4,2019-06-01,0.29367614952715765,Medium
403,4,2019-07-01,0.31489199806132795,Medium
404,4,2019-08-01,0.308126714674582,Medium
405,4,2019-09-01,0.2291270294277037,Low
406,4,2019-10-01,0.10679347765646323,Low
407,4,2019-11-01,0.15932601147388034,Low
408,4,2019-12-01,0.19533578947104896,Low
409,4,2020-01-01,0.24032331892987308,Low
410,4,2020-02-01,0.20803808996969017,Low
411,4,2020-03-01,0.25002544037883845,Medium
412,4,2020-04-01,0.15761675305521597,Low
413,4,2020-05-01,0.2972539883033534,Medium
414,4,2020-06-01,0.19799520190872608,Low
415,4,2020-07-01,0.3656657816303126,Medium
416,4,2020-08-01,0.22816308913588113,Low
417,4,2020-09-01,0.22520055116930995,Low
418,4,2020-10-01,0.20975347239074055,Low
419,4,2020-11-01,0.2257552046872595,Low
420,4,2020-12-01,0.24601842384113362,Low
421,4,2021-01-01,0.18290498998084886,Low
422,4,2021-02-01,0.21933338639328337,Low
423,4,2021-03-01,0.27314889951593513,Medium
424,4,2021-04-01,0.09188206777921396,Low
425,4,2021-05-01,0.24647217939431754,Low
426,4,2021-06-01,0.3239189328686145,Medium
427,4,2021-07-01,0.30806916622741487,Medium
428,4,2021-08-01,0.26372115970755977,Medium
429,4,2021-09-01,0.18943834724518777,Low
430,4,2021-10-01,0.16197323269368383,Low
431,4,2021-11-01,0.16936552978338273,Low
432,4,2021-12-01,0.2179766277374886,Low
433,4,2022-01-01,0.29899426596930184,Medium
434,4,2022-02-01,0.31074113311150214,Medium
435,4,2022-03-01,0.1662086777643654,Low
436,4,2022-04-01,0.14928979508763524,Low
437,4,2022-05-01,0.23312305345099477,Low
438,4,2022-06-01,0.3983167461102582,Medium
439,4,2022-07-01,0.28328097613723635,Medium
440,4,2022-08-01,0.22516795271449236,Low
441,4,2022-09-01,0.15298679824000316,Low
442,4,2022-10-01,0.1478340605561938,Low
443,4,2022-11-01,0.12815416991356732,Low
444,4,2022-12-01,0.26492641341719797,Medium
445,4,2023-01-01,0.2654633505187625,Medium
446,4,2023-02-01,0.20242108403228393,Low
447,4,2023-03-01,0.14446748093704842,Low
448,4,2023-04-01,0.19833075416357343,Low
449,4,2023-05-01,0.3501907659255813,Medium
450,4,2023-06-01,0.24596339214997387,Low
451,4,2023-07-01,0.3345433290102676,Medium
452,4,2023-08-01,0.3224304133610041,Medium
453,4,2023-09-01,0.17251934738602298,Low
454,4,2023-10-01,0.13966479069154106,Low
455,4,2023-11-01,0.18075397386836445,Low
456,4,2023-12-01,0.25198250312541576,Medium
457,4,2024-01-01,0.25891041592947356,Medium
458,4,2024-02-01,0.18301229081736053,Low
459,4,2024-03-01,0.15235794255505808,Low
460,4,2024-04-01,0.19834643696796145,Low
461,4,2024-05-01,0.36250391629978185,Medium
462,4,2024-06-01,0.24169886029652587,Low
463,4,2024-07-01,0.23919261593869046,Low
464,4,2024-08-01,0.22682681188624326,Low
465,4,2024-09-01,0.23251697251451373,Low
466,4,2024-10-01,0.15492036065886233,Low
467,4,2024-11-01,0.21910826019072965,Low
468,4,2024-12-01,0.1990769252709697,Low
469,4,2025-01-01,0.22643550666499762,Low
470,4,2025-02-01,0.18665860169937606,Low
471,4,2025-03-01,0.15474096515733535,Low
472,4,2025-04-01,0.09960908549091477,Low
473,4,2025-05-01,0.23796612464112,Low
474,4,2025-06-01,0.3563886337320813,Medium
475,4,2025-07-01,0.26328045590177496,Medium
476,4,2025-08-01,0.35744044003362874,Medium
477,4,2025-09-01,0.20670834833806623,Low
478,4,2025-10-01,0.1234776609878112,Low
479,4,2025-11-01,0.1918760725194938,Low
480,4,2025-12-01,0.2113588189207265,Low
481,5,2016-01-01,0.39010216852220025,Medium
482,5,2016-02-01,0.2476774412576962,Low
483,5,2016-03-01,0.22006095596694586,Low
484,5,2016-04-01,0.1518798406344546,Low
485,5,2016-05-01,0.19587947431174502,Low
486,5,2016-06-01,0.3247053779127695,Medium
487,5,2016-07-01,0.3101646350131496,Medium
488,5,2016-08-01,0.4041455669101102,Medium
489,5,2016-09-01,0.1682135500237122,Low
490,5,2016-10-01,0.22215469492508355,Low
491,5,2016-11-01,0.2405027853229838,Low
492,5,2016-12-01,0.31079701739249005,Medium
493,5,2017-01-01,0.27107546867638344,Medium
494,5,2017-02-01,0.23607304590847364,Low
495,5,2017-03-01,0.28277891109527026,Medium
496,5,2017-04-01,0.24578338002160316,Low
497,5,2017-05-01,0.25018831248894774,Medium
498,5,2017-06-01,0.43793711770283505,Medium
499,5,2017-07-01,0.3526146760417175,Medium
500,5,2017-08-01,0.2848347320812078,Medium
501,5,2017-09-01,0.2391340618331931,Low
502,5,2017-10-01,0.198007699815618,Low
503,5,2017-11-01,0.21777814480307883,Low
504,5,2017-12-01,0.3217436056717746,Medium
505,5,2018-01-01,0.2583850690968515,Medium
506,5,2018-02-01,0.3431531762316184,Medium
507,5,2018-03-01,0.2862139403826039,Medium
508,5,2018-04-01,0.22778150557685173,Low
509,5,2018-05-01,0.2923926460051517,Medium
510,5,2018-06-01,0.36698367901810675,Medium
511,5,2018-07-01,0.32696406170782943,Medium
512,5,2018-08-01,0.36329814594723164,Medium
513,5,2018-09-01,0.3194713082163952,Medium
514,5,2018-10-01,0.11191061059874231,Low
515,5,2018-11-01,0.21227757357310734,Low
516,5,2018-12-01,0.2566304272018963,Medium
517,5,2019-01-01,0.3021908347222596,Medium
518,5,2019-02-01,0.3132808980778098,Medium
519,5,2019-03-01,0.19649592386312273,Low
520,5,2019-04-01,0.24672609854379066,Low
521,5,2019-05-01,0.19154104219789647,Low
522,5,2019-06-01,0.27776970744856433,Medium
523,5,2019-07-01,0.2953634423489422,Medium
524,5,2019-08-01,0.36014495712339994,Medium
525,5,2019-09-01,0.33601215481065994,Medium
526,5,2019-10-01,0.21688301694996218,Low
527,5,2019-11-01,0.26351932526531563,Medium
528,5,2019-12-01,0.3557560959057179,Medium
529,5,2020-01-01,0.30918299706834546,Medium
530,5,2020-02-01,0.3181874371979858,Medium
531,5,2020-03-01,0.3670964817158126,Medium
532,5,2020-04-01,0.19017483651152114,Low
533,5,2020-05-01,0.22285301090588447,Low
534,5,2020-06-01,0.44316442718109955,Medium
535,5,2020-07-01,0.2840098935199529,Medium
536,5,2020-08-01,0.4025839399524658,Medium
537,5,2020-09-01,0.3376002446047802,Medium
538,5,2020-10-01,0.20432771981051528,Low
539,5,2020-11-01,0.2591211663387897,Medium
540,5,2020-12-01,0.2826629893800034,Medium
541,5,2021-01-01,0.2765275620009223,Medium
542,5,2021-02-01,0.36263912293462236,Medium
543,5,2021-03-01,0.22208332304372444,Low
544,5,2021-04-01,0.22215548681616865,Low
545,5,2021-05-01,0.2313918505696309,Low
546,5,2021-06-01,0.3422282409375643,Medium
547,5,2021-07-01,0.3496499727233552,Medium
548,5,2021-08-01,0.4113741159075361,Medium
549,5,2021-09-01,0.1683371449375483,Low
550,5,2021-10-01,0.1691471389803577,Low
551,5,2021-11-01,0.19999122691489682,Low
552,5,2021-12-01,0.30207749183935173,Medium
553,5,2022-01-01,0.2853921549086674,Medium
554,5,2022-02-01,0.2299301950293319,Low
555,5,2022-03-01,0.18781160602491895,Low
556,5,2022-04-01,0.14027983272863875,Low
557,5,2022-05-01,0.19700188926341516,Low
558,5,2022-06-01,0.24845026085560817,Low
559,5,2022-07-01,0.36412403393132986,Medium
560,5,2022-08-01,0.2370793344241546,Low
561,5,2022-09-01,0.2771748294820306,Medium
562,5,2022-10-01,0.22267283414680744,Low
563,5,2022-11-01,0.21374369223501896,Low
564,5,2022-12-01,0.35148687506132326,Medium
565,5,2023-01-01,0.19749885856069055,Low
566,5,2023-02-01,0.38192341302264043,Medium
567,5,2023-03-01,0.25043829944331186,Medium
568,5,2023-04-01,0.23679465750304918,Low
569,5,2023-05-01,0.2814705221592711,Medium
570,5,2023-06-01,0.32616707522698163,Medium
571,5,2023-07-01,0.33104723016416127,Medium
572,5,2023-08-01,0.288985396942901,Medium
573,5,2023-09-01,0.22642022754380645,Low
574,5,2023-10-01,0.20051999391584965,Low
575,5,2023-11-01,0.25953197064391165,Medium
576,5,2023-12-01,0.2995015540873254,Medium
577,5,2024-01-01,0.29216595555772035,Medium
578,5,2024-02-01,0.3465464846158963,Medium
579,5,2024-03-01,0.21676823289726868,Low
580,5,2024-04-01,0.22621297834598317,Low
581,5,2024-05-01,0.25837335204362355,Medium
582,5,2024-06-01,0.4241703881864265,Medium
583,5,2024-07-01,0.5155920150530365,High
584,5,2024-08-01,0.4086434590444739,Medium
585,5,2024-09-01,0.2587297876873057,Medium
586,5,2024-10-01,0.2154480455313446,Low
587,5,2024-11-01,0.2741811504719257,Medium
588,5,2024-12-01,0.27289783376980226,Medium
589,5,2025-01-01,0.26032770002332484,Medium
590,5,2025-02-01,0.37784967925432833,Medium
591,5,2025-03-01,0.26640980118988195,Medium
592,5,2025-04-01,0.2455494482692181,Low
593,5,2025-05-01,0.20483608689844296,Low
594,5,2025-06-01,0.3712182543659821,Medium
595,5,2025-07-01,0.28328819989007703,Medium
596,5,2025-08-01,0.33136941856034563,Medium
597,5,2025-09-01,0.3083233086337309,Medium
598,5,2025-10-01,0.15111164906714827,Low
599,5,2025-11-01,0.1775918688220194,Low
600,5,2025-12-01,0.2713454690982613,Medium
601,6,2016-01-01,0.2788553534583924,Medium
602,6,2016-02-01,0.26754448871858516,Medium
603,6,2016-03-01,0.281855954246908,Medium
604,6,2016-04-01,0.11539056876206877,Low
605,6,2016-05-01,0.23585256587720071,Low
606,6,2016-06-01,0.41727933823603497,Medium
607,6,2016-07-01,0.369386606075381,Medium
608,6,2016-08-01,0.15082169359174474,Low
609,6,2016-09-01,0.17575838120281706,Low
610,6,2016-10-01,0.11150183433171221,Low
611,6,2016-11-01,0.23480945472671347,Low
612,6,2016-12-01,0.2508167480424849,Medium
613,6,2017-01-01,0.314818203032595,Medium
614,6,2017-02-01,0.25694018763939097,Medium
615,6,2017-03-01,0.1225641062013236,Low
616,6,2017-04-01,0.1509110244093983,Low
617,6,2017-05-01,0.18179359778430876,Low
618,6,2017-06-01,0.2882496492653704,Medium
619,6,2017-07-01,0.32905393102882713,Medium
620,6,2017-08-01,0.2496382982464353,Low
621,6,2017-09-01,0.18642439362801067,Low
622,6,2017-10-01,0.17487353361259467,Low
623,6,2017-11-01,0.2607020735478792,Medium
624,6,2017-12-01,0.23314637545482403,Low
625,6,2018-01-01,0.3152433939896047,Medium
626,6,2018-02-01,0.2675072141610455,Medium
627,6,2018-03-01,0.21131636160527956,Low
628,6,2018-04-01,0.16912370042414535,Low
629,6,2018-05-01,0.14775966793645695,Low
630,6,2018-06-01,0.23123088646804962,Low
631,6,2018-07-01,0.4225689765144103,Medium
632,6,2018-08-01,0.24834119786133757,Low
633,6,2018-09-01,0.23251319480702404,Low
634,6,2018-10-01,0.14816603616960716,Low
635,6,2018-11-01,0.210803187445704,Low
636,6,2018-12-01,0.23990045857478334,Low
637,6,2019-01-01,0.2583583805885643,Medium
638,6,2019-02-01,0.2741885130708023,Medium
639,6,2019-03-01,0.2620205805786448,Medium
640,6,2019-04-01,0.1310032653360587,Low
641,6,2019-05-01,0.19930780469159604,Low
642,6,2019-06-01,0.2962841687783951,Medium
643,6,2019-07-01,0.3055136165709486,Medium
644,6,2019-08-01,0.3619072984371008,Medium
645,6,2019-09-01,0.22376939176130714,Low
646,6,2019-10-01,0.15013773574869546,Low
647,6,2019-11-01,0.17579380300024586,Low
648,6,2019-12-01,0.24962070890250904,Low
649,6,2020-01-01,0.24233900164389985,Low
650,6,2020-02-01,0.2171522244404406,Low
651,6,2020-03-01,0.22864717448178365,Low
652,6,2020-04-01,0.20066204859505793,Low
653,6,2020-05-01,0.2824937387639162,Medium
654,6,2020-06-01,0.4295093528584332,Medium
655,6,2020-07-01,0.37964881440282944,Medium
656,6,2020-08-01,0.34428635576986555,Medium
657,6,2020-09-01,0.21632364203618537,Low
658,6,2020-10-01,0.1716533464071309,Low
659,6,2020-11-01,0.2670175153281427,Medium
660,6,2020-12-01,0.2572675196595189,Medium
661,6,2021-01-01,0.20639917472587754,Low
662,6,2021-02-01,0.31093406258497996,Medium
663,6,2021-03-01,0.18637163939002993,Low
664,6,2021-04-01,0.14554102898090007,Low
665,6,2021-05-01,0.18821114400468425,Low
666,6,2021-06-01,0.3095756407070409,Medium
667,6,2021-07-01,0.3171303531810104,Medium
668,6,2021-08-01,0.2863283829771136,Medium
669,6,2021-09-01,0.2712325232875436,Medium
670,6,2021-10-01,0.17070043909568938,Low
671,6,2021-11-01,0.1663466487303008,Low
672,6,2021-12-01,0.20071558941294865,Low
673,6,2022-01-01,0.2668633716330365,Medium
674,6,2022-02-01,0.1731802369852632,Low
675,6,2022-03-01,0.1971307196286356,Low
676,6,2022-04-01,0.20122152461857912,Low
677,6,2022-05-01,0.26520588073650353,Medium
678,6,2022-06-01,0.2867015489743659,Medium
679,6,2022-07-01,0.3272668549210149,Medium
680,6,2022-08-01,0.2962403763476036,Medium
681,6,2022-09-01,0.19533852651310635,Low
682,6,2022-10-01,0.16617355950060098,Low
683,6,2022-11-01,0.24195696212392062,Low
684,6,2022-12-01,0.3935553407543826,Medium
685,6,2023-01-01,0.29514998662884095,Medium
686,6,2023-02-01,0.3035312923599247,Medium
687,6,2023-03-01,0.36363202463017313,Medium
688,6,2023-04-01,0.13250096748932733,Low
689,6,2023-05-01,0.18489609680688196,Low
690,6,2023-06-01,0.21551810370354785,Low
691,6,2023-07-01,0.37235871587965336,Medium
692,6,2023-08-01,0.21434663994025183,Low
693,6,2023-09-01,0.19063192118594108,Low
694,6,2023-10-01,0.11600083653400481,Low
695,6,2023-11-01,0.22611247197050804,Low
696,6,2023-12-01,0.24186199013026408,Low
697,6,2024-01-01,0.1634728424369857,Low
698,6,2024-02-01,0.24499942620409054,Low
699,6,2024-03-01,0.17334087869983536,Low
700,6,2024-04-01,0.09384325117157073,Low
701,6,2024-05-01,0.23245171077753068,Low
702,6,2024-06-01,0.2430681020286947,Low
703,6,2024-07-01,0.40672226302753356,Medium
704,6,2024-08-01,0.3084304478065972,Medium
705,6,2024-09-01,0.21398852672594748,Low
706,6,2024-10-01,0.08840812419329294,Low
707,6,2024-11-01,0.21037106431329158,Low
708,6,2024-12-01,0.23771308337839836,Low
709,6,2025-01-01,0.2898683976559692,Medium
710,6,2025-02-01,0.27678223087673637,Medium
711,6,2025-03-01,0.1827101684347414,Low
712,6,2025-04-01,0.18644490760909038,Low
713,6,2025-05-01,0.28163217465803436,Medium
714,6,2025-06-01,0.3169773538723343,Medium
715,6,2025-07-01,0.34406846480228864,Medium
716,6,2025-08-01,0.27501619753504347,Medium
717,6,2025-09-01,0.24463342781529335,Low
718,6,2025-10-01,0.13479214665200728,Low
719,6,2025-11-01,0.18500491074923836,Low
720,6,2025-12-01,0.22765858050857513,Low
721,7,2016-01-01,0.293460367445601,Medium
722,7,2016-02-01,0.44602300164264086,Medium
723,7,2016-03-01,0.3822179153128138,Medium
724,7,2016-04-01,0.2735582845358108,Medium
725,7,2016-05-01,0.32666370743305695,Medium
726,7,2016-06-01,0.49346268442060404,Medium
727,7,2016-07-01,0.5332317426514113,High
728,7,2016-08-01,0.4995122056592485,Medium
729,7,2016-09-01,0.39814122057542634,Medium
730,7,2016-10-01,0.2517471543851054,Medium
731,7,2016-11-01,0.3769929187153934,Medium
732,7,2016-12-01,0.39067552038347025,Medium
733,7,2017-01-01,0.44247644255754204,Medium
734,7,2017-02-01,0.40493734042413143,Medium
735,7,2017-03-01,0.3361616230549271,Medium
736,7,2017-04-01,0.2809570639682586,Medium
737,7,2017-05-01,0.2954814500423454,Medium
738,7,2017-06-01,0.43451426486246864,Medium
739,7,2017-07-01,0.37543077211679976,Medium
740,7,2017-08-01,0.5345208454132492,High
741,7,2017-09-01,0.17158323580223633,Low
742,7,2017-10-01,0.2561176864348008,Medium
743,7,2017-11-01,0.34220690831746275,Medium
744,7,2017-12-01,0.37930747044902324,Medium
745,7,2018-01-01,0.4076839040767933,Medium
746,7,2018-02-01,0.3334572642283949,Medium
747,7,2018-03-01,0.30216838566907067,Medium
748,7,2018-04-01,0.24532495163941215,Low
749,7,2018-05-01,0.37774868867860756,Medium
750,7,2018-06-01,0.342569813836799,Medium
751,7,2018-07-01,0.4446519308809024,Medium
752,7,2018-08-01,0.42002967025426596,Medium
753,7,2018-09-01,0.3324382793532061,Medium
754,7,2018-10-01,0.30059141491346864,Medium
755,7,2018-11-01,0.3412714419942518,Medium
756,7,2018-12-01,0.3584729294015939,Medium
757,7,2019-01-01,0.3797670181096542,Medium
758,7,2019-02-01,0.5012763817631442,High
759,7,2019-03-01,0.4510458696850653,Medium
760,7,2019-04-01,0.3453679546991532,Medium
761,7,2019-05-01,0.26983057996497034,Medium
762,7,2019-06-01,0.4889303252089565,Medium
763,7,2019-07-01,0.5865524614393565,High
764,7,2019-08-01,0.5214333881169559,High
765,7,2019-09-01,0.34047474783416065,Medium
766,7,2019-10-01,0.3700168643859741,Medium
767,7,2019-11-01,0.31042591672506814,Medium
768,7,2019-12-01,0.3414860926529052,Medium
769,7,2020-01-01,0.45101338422420456,Medium
770,7,2020-02-01,0.44635331585814897,Medium
771,7,2020-03-01,0.3500838454666507,Medium
772,7,2020-04-01,0.3172586625361123,Medium
773,7,2020-05-01,0.3236201332107396,Medium
774,7,2020-06-01,0.37383635523886694,Medium
775,7,2020-07-01,0.4943447843910179,Medium
776,7,2020-08-01,0.4727732017379576,Medium
777,7,2020-09-01,0.27299383806502214,Medium
778,7,2020-10-01,0.3686606928454258,Medium
779,7,2020-11-01,0.344121135866608,Medium
780,7,2020-12-01,0.4419156597977443,Medium
781,7,2021-01-01,0.3705201565350428,Medium
782,7,2021-02-01,0.4502633191310116,Medium
783,7,2021-03-01,0.35413220327440165,Medium
784,7,2021-04-01,0.23478159464900666,Low
785,7,2021-05-01,0.32209638794769013,Medium
786,7,2021-06-01,0.6214791788895466,High
787,7,2021-07-01,0.41493222377179745,Medium
788,7,2021-08-01,0.47222892752246026,Medium
789,7,2021-09-01,0.2777397784020065,Medium
790,7,2021-10-01,0.29085638037058914,Medium
791,7,2021-11-01,0.4708290724049496,Medium
792,7,2021-12-01,0.41396875409717776,Medium
793,7,2022-01-01,0.40746036280500436,Medium
794,7,2022-02-01,0.3629808111830696,Medium
795,7,2022-03-01,0.32786731797547886,Medium
796,7,2022-04-01,0.3536031216466403,Medium
797,7,2022-05-01,0.37228009437002896,Medium
798,7,2022-06-01,0.5143732499220085,High
799,7,2022-07-01,0.469705500216296,Medium
800,7,2022-08-01,0.5051617277843854,High
801,7,2022-09-01,0.3439806444599352,Medium
802,7,2022-10-01,0.2906763411527924,Medium
803,7,2022-11-01,0.3037764170436754,Medium
804,7,2022-12-01,0.3255664004686572,Medium
805,7,2023-01-01,0.47830852437383603,Medium
806,7,2023-02-01,0.34071870170160035,Medium
807,7,2023-03-01,0.3665424134415834,Medium
808,7,2023-04-01,0.32508237854607686,Medium
809,7,2023-05-01,0.29657301111810896,Medium
810,7,2023-06-01,0.4354206881566324,Medium
811,7,2023-07-01,0.4629146996486813,Medium
812,7,2023-08-01,0.32267245741433354,Medium
813,7,2023-09-01,0.4157477584091867,Medium
814,7,2023-10-01,0.27684730217745757,Medium
815,7,2023-11-01,0.3371356346757572,Medium
816,7,2023-12-01,0.3397212027164175,Medium
817,7,2024-01-01,0.5113231736301745,High
818,7,2024-02-01,0.2847571377122976,Medium
819,7,2024-03-01,0.4506138174258223,Medium
820,7,2024-04-01,0.3201323037039166,Medium
821,7,2024-05-01,0.2514222562412032,Medium
822,7,2024-06-01,0.3822241916023869,Medium
823,7,2024-07-01,0.4356015590619068,Medium
824,7,2024-08-01,0.37037669053474076,Medium
825,7,2024-09-01,0.3800253788551683,Medium
826,7,2024-10-01,0.2838229607612758,Medium
827,7,2024-11-01,0.2605145823427334,Medium
828,7,2024-12-01,0.3466300775334972,Medium
829,7,2025-01-01,0.31486742125143674,Medium
830,7,2025-02-01,0.28686602359476543,Medium
831,7,2025-03-01,0.4396365170694579,Medium
832,7,2025-04-01,0.3549788448675621,Medium
833,7,2025-05-01,0.4161918217051558,Medium
834,7,2025-06-01,0.4706696911540367,Medium
835,7,2025-07-01,0.3508184004692832,Medium
836,7,2025-08-01,0.4431469365135616,Medium
837,7,2025-09-01,0.3479243101720251,Medium
838,7,2025-10-01,0.3102492808704295,Medium
839,7,2025-11-01,0.4771213601438996,Medium
840,7,2025-12-01,0.38847428621997443,Medium
841,8,2016-01-01,0.4908566774302289,Medium
842,8,2016-02-01,0.33390948446618546,Medium
843,8,2016-03-01,0.2899695643157812,Medium
844,8,2016-04-01,0.3246890008290556,Medium
845,8,2016-05-01,0.3250362307589941,Medium
846,8,2016-06-01,0.42604603123892704,Medium
847,8,2016-07-01,0.4976969182890284,Medium
848,8,2016-08-01,0.3803171572696604,Medium
849,8,2016-09-01,0.2639806648084357,Medium
850,8,2016-10-01,0.20890204151468655,Low
851,8,2016-11-01,0.23498236426380728,Low
852,8,2016-12-01,0.34108642306821696,Medium
853,8,2017-01-01,0.41305063645730855,Medium
854,8,2017-02-01,0.3552919162259195,Medium
855,8,2017-03-01,0.31448574519999645,Medium
856,8,2017-04-01,0.2829151176103207,Medium
857,8,2017-05-01,0.22404190570682403,Low
858,8,2017-06-01,0.3275892544847465,Medium
859,8,2017-07-01,0.3956949747428328,Medium
860,8,2017-08-01,0.4360849249744123,Medium
861,8,2017-09-01,0.42619135797284086,Medium
862,8,2017-10-01,0.30842921947596447,Medium
863,8,2017-11-01,0.36985304195630087,Medium
864,8,2017-12-01,0.4438379294803655,Medium
865,8,2018-01-01,0.39904855523377075,Medium
866,8,2018-02-01,0.39118826125574424,Medium
867,8,2018-03-01,0.3373361304778919,Medium
868,8,2018-04-01,0.3340230125449647,Medium
869,8,2018-05-01,0.3905728151804829,Medium
870,8,2018-06-01,0.3436880004645961,Medium
871,8,2018-07-01,0.41140891824698583,Medium
872,8,2018-08-01,0.40825851861722634,Medium
873,8,2018-09-01,0.27686927356719165,Medium
874,8,2018-10-01,0.35308339932572763,Medium
875,8,2018-11-01,0.2518124957993153,Medium
876,8,2018-12-01,0.30763741038276304,Medium
877,8,2019-01-01,0.4192809669282585,Medium
878,8,2019-02-01,0.34357445414173016,Medium
879,8,2019-03-01,0.3084547618785194,Medium
880,8,2019-04-01,0.25320533985439,Medium
881,8,2019-05-01,0.22789200361210066,Low
882,8,2019-06-01,0.5145232817380655,High
883,8,2019-07-01,0.43222028029827225,Medium
884,8,2019-08-01,0.31667557204615926,Medium
885,8,2019-09-01,0.2209869794714498,Low
886,8,2019-10-01,0.2573507027075115,Medium
887,8,2019-11-01,0.35971208197876403,Medium
888,8,2019-12-01,0.3817586392639332,Medium
889,8,2020-01-01,0.3206334393831449,Medium
890,8,2020-02-01,0.38464078874750934,Medium
891,8,2020-03-01,0.28244938483673176,Medium
892,8,2020-04-01,0.23777276407635678,Low
893,8,2020-05-01,0.2906265546283044,Medium
894,8,2020-06-01,0.38478102005834547,Medium
895,8,2020-07-01,0.4438023224978044,Medium
896,8,2020-08-01,0.4847513291055916,Medium
897,8,2020-09-01,0.2879518990865205,Medium
898,8,2020-10-01,0.2436010529077825,Low
899,8,2020-11-01,0.326676466852156,Medium
900,8,2020-12-01,0.3045456075579022,Medium
901,8,2021-01-01,0.28821950599838136,Medium
902,8,2021-02-01,0.4265145977932174,Medium
903,8,2021-03-01,0.32623286524681094,Medium
904,8,2021-04-01,0.26561498616738743,Medium
905,8,2021-05-01,0.4093340525937134,Medium
906,8,2021-06-01,0.45506478186304017,Medium
907,8,2021-07-01,0.5240142207013957,High
908,8,2021-08-01,0.5149455505607056,High
909,8,2021-09-01,0.2530784373257754,Medium
910,8,2021-10-01,0.2846133061340783,Medium
911,8,2021-11-01,0.2817040699460651,Medium
912,8,2021-12-01,0.48074149899850194,Medium
913,8,2022-01-01,0.35030692345777764,Medium
914,8,2022-02-01,0.4316276017296336,Medium
915,8,2022-03-01,0.2758180044085543,Medium
916,8,2022-04-01,0.2565076068711806,Medium
917,8,2022-05-01,0.3059315898755633,Medium
918,8,2022-06-01,0.3740926366818775,Medium
919,8,2022-07-01,0.42797737610269393,Medium
920,8,2022-08-01,0.4798245944920805,Medium
921,8,2022-09-01,0.3427691467066803,Medium
922,8,2022-10-01,0.35964914062941294,Medium
923,8,2022-11-01,0.368673740392845,Medium
924,8,2022-12-01,0.38740515480427484,Medium
925,8,2023-01-01,0.43299501542605934,Medium
926,8,2023-02-01,0.28891127199642125,Medium
927,8,2023-03-01,0.2960607298552723,Medium
928,8,2023-04-01,0.237410902618361,Low
929,8,2023-05-01,0.2732822737354863,Medium
930,8,2023-06-01,0.4829352891502844,Medium
931,8,2023-07-01,0.4857645202254752,Medium
932,8,2023-08-01,0.570260665621519,High
933,8,2023-09-01,0.23434161803857517,Low
934,8,2023-10-01,0.23391918490645225,Low
935,8,2023-11-01,0.3708361349757588,Medium
936,8,2023-12-01,0.3138706104159993,Medium
937,8,2024-01-01,0.3385451285281035,Medium
938,8,2024-02-01,0.28404041306973954,Medium
939,8,2024-03-01,0.2562193273286414,Medium
940,8,2024-04-01,0.30729053386154337,Medium
941,8,2024-05-01,0.38601261882254545,Medium
942,8,2024-06-01,0.3859977771398599,Medium
943,8,2024-07-01,0.5313619972880418,High
944,8,2024-08-01,0.35851544599319374,Medium
945,8,2024-09-01,0.3443548514301771,Medium
946,8,2024-10-01,0.3525017963863164,Medium
947,8,2024-11-01,0.3273947258586748,Medium
948,8,2024-12-01,0.4253954992121892,Medium
949,8,2025-01-01,0.2990790870700092,Medium
950,8,2025-02-01,0.4948443786001637,Medium
951,8,2025-03-01,0.2679051375148104,Medium
952,8,2025-04-01,0.1470920872135088,Low
953,8,2025-05-01,0.41432433246976214,Medium
954,8,2025-06-01,0.49254959926812364,Medium
955,8,2025-07-01,0.531227210205281,High
956,8,2025-08-01,0.4602470420201265,Medium
957,8,2025-09-01,0.24186404386676946,Low
958,8,2025-10-01,0.257276834479664,Medium
959,8,2025-11-01,0.3518451805890387,Medium
960,8,2025-12-01,0.2547476368642172,Medium
