driver,target,pearson_r,p_value,significant_at_0.05
cri_score,revenue,-0.321,0.0,True
extreme_weather_events,revenue,-0.192,0.0,True
flood_risk_score,revenue,-0.309,0.0,True
drought_index,revenue,-0.234,0.0,True
cri_score,operational_cost,0.022,0.48804,False
extreme_weather_events,operational_cost,0.103,0.00144,True
flood_risk_score,operational_cost,-0.068,0.0358,True
drought_index,operational_cost,-0.068,0.03452,True
cri_score,supply_chain_delay_days,0.683,0.0,True
extreme_weather_events,supply_chain_delay_days,0.54,0.0,True
flood_risk_score,supply_chain_delay_days,0.487,0.0,True
drought_index,supply_chain_delay_days,0.406,0.0,True
cri_score,facility_downtime_hours,0.662,0.0,True
extreme_weather_events,facility_downtime_hours,0.553,0.0,True
flood_risk_score,facility_downtime_hours,0.509,0.0,True
drought_index,facility_downtime_hours,0.352,0.0,True
cri_score,insurance_claims,0.274,0.0,True
extreme_weather_events,insurance_claims,0.214,0.0,True
flood_risk_score,insurance_claims,0.214,0.0,True
drought_index,insurance_claims,0.148,0.0,True
