,count,mean,std,min,25%,50%,75%,max
record_id,960.0,480.5,277.27242920997395,1.0,240.75,480.5,720.25,960.0
region_id,960.0,4.5,2.2924821597026104,1.0,2.75,4.5,6.25,8.0
avg_temp_c,960.0,28.25446875,2.5090394925643666,22.05,26.29,28.335,30.25,33.61
precipitation_mm,960.0,176.17177083333334,86.48161506652546,0.0,110.4,154.75,237.575,474.7
extreme_weather_events,960.0,1.6260416666666666,1.3387420979918787,0.0,1.0,1.0,2.0,8.0
drought_index,960.0,36.40333333333333,13.905875658300786,0.0,27.0,36.4,46.1,82.3
flood_risk_score,960.0,43.969791666666666,15.590419237813174,3.3,33.3,44.5,54.125,87.7
cyclone_alerts,960.0,0.44583333333333336,0.6751845484660569,0.0,0.0,0.0,1.0,4.0
revenue,960.0,126.4658125,21.52039177414942,60.53,119.89500000000001,131.48000000000002,140.2775,166.38
operational_cost,960.0,89.84782291666667,12.787140949812882,49.93,86.88,93.62,97.9325,111.62
supply_chain_delay_days,960.0,8.764791666666667,2.480453295032098,0.0,7.1,8.8,10.5,16.3
insurance_claims,960.0,1.5145833333333334,1.3084293305996486,0.0,1.0,1.0,2.0,7.0
facility_downtime_hours,960.0,26.609375,8.29700598190796,2.0,20.6,26.9,32.2,51.2
employee_safety_incidents,960.0,0.5708333333333333,0.7731032042857445,0.0,0.0,0.0,1.0,4.0
cri_score,960.0,0.3135989583333333,0.0962563303117613,0.079,0.244,0.308,0.379,0.672
